Date,Time,Distance 1,Angle 1,Distance 2,Angle 2,Distance 3,Angle 3,Distance 4,Angle 4,Distance 5,Angle 5,Distance 6,Angle 6,Distance 7,Angle 7,Distance 8,Angle 8
2/3/2000,6:45:25,704.0292968,12.8159999,698.2661743,13.3920001,693.2234497,13.9680004,688.180725,14.5439996,682.4176025,15.1199998,677.3748779,15.696,672.3321533,16.2719993,668.0097656,16.8479995
2/3/2000,6:45:32,668.0097656,16.8479995,663.6874389,17.4239997,657.9243164,18,653.6019897,18.5760002,650,19.1520004,645.6776733,19.7280006,645.6776733,20.3040008,642.0757446,20.8799991
2/3/2000,6:45:39,634.5115966,21.4559993,630.5494384,22.0319995,627.6679077,22.6079998,627.6679077,23.184,623.345581,23.7600002,617.5824584,24.3360004,612.5396728,24.9120006,610.0183105,25.4880008
2/3/2000,6:45:46,606.7765502,26.0639991,606.7765502,26.6399993,602.4542236,27.2159996,598.8522949,27.7919998,596.691101,28.368,594.1696777,28.9440002,590.9279785,29.5200004,590.9279785,30.0960006
2/3/2000,6:45:53,587.3260498,30.6720008,587.3260498,31.2479991,584.444458,31.8239994,583.0036621,32.4000015,577.9609375,32.9760017,575.7997436,33.5519981,574.3590087,34.1279983,573.6386108,34.7039985
2/3/2000,6:46:00,573.2784423,35.2799987,569.3162841,35.8559989,569.3162841,36.4319992,566.4346923,37.0079994,566.4346923,37.5839996,563.5531005,38.1599998,562.8327636,38.736,562.8327636,39.3120002
2/3/2000,6:46:06,561.7521362,39.8880004,560.6715698,40.4640007,558.5103759,41.0400009,557.790039,41.6160011,557.790039,42.1920013,557.06958,42.7680015,555.6287841,43.3440017,554.9084472,43.9199981
2/3/2000,6:46:13,552.7472534,44.4959983,552.7472534,45.0719985,552.7472534,45.6479988,552.0268554,46.223999,550.5860595,46.7999992,550.2258911,47.3759994,550.2258911,47.9519996,549.8657226,48.5279998
2/3/2000,6:46:20,549.8657226,49.104,549.8657226,49.6800003,548.4249267,50.2560005,548.4249267,50.8320007,548.4249267,51.4080009,548.4249267,51.9840011,548.4249267,52.5600013,548.7851562,53.1360015
2/3/2000,6:46:26,549.8657226,53.7120018,550.5860595,54.2879981,548.7851562,54.8639984,550.5860595,55.4399986,550.5860595,56.0159988,550.5860595,56.591999,551.3065185,57.1679992,552.7472534,57.7439994
2/3/2000,6:46:33,552.7472534,58.3199996,552.7472534,58.8959999,553.4676513,59.4720001,554.1880493,60.0480003,555.2686157,60.6240005,555.6287841,61.2000007,556.3492431,61.7760009,557.790039,62.3520011
2/3/2000,6:46:40,559.5909423,62.9280014,559.9511718,63.5040016,561.3919677,64.0800018,562.8327636,64.6559982,564.2735595,65.2320022,564.9938964,65.8079986,566.4346923,66.3840026,567.8754882,66.959999
2/3/2000,6:46:47,570.036621,67.5360031,571.4774169,68.1119995,572.9182128,68.6880035,574.3590087,69.2639999,575.0794067,69.8399963,577.9609375,70.4160003,578.6813354,70.9919967,580.1221313,71.5680007
2/3/2000,6:46:53,581.5628662,72.1439971,583.0036621,72.7200012,584.444458,73.2959976,585.1648559,73.8720016,585.8852539,74.447998,588.0463867,75.024002,588.7667846,75.5999984,590.2075805,76.1760025
2/3/2000,6:47:00,590.2075805,76.7519989,590.9279785,77.3280029,592.0085449,77.9039993,593.0891723,78.4800033,593.0891723,79.0559997,593.4493408,79.6320037,593.8095092,80.2080001,595.2503051,80.7839965
2/3/2000,6:47:07,594.5299072,81.3600006,595.2503051,81.935997,595.2503051,82.512001,595.2503051,83.0879974,595.9707031,83.6640014,595.9707031,84.2399978,595.9707031,84.8160018,595.2503051,85.3919982
2/3/2000,6:47:13,595.2503051,85.9680023,595.9707031,86.5439987,595.9707031,87.1200027,593.8095092,87.6959991,595.2503051,88.2720031,595.2503051,88.8479995,593.0891723,89.4240036,593.0891723,90
2/3/2000,6:47:20,593.0891723,90.5759963,591.6483764,91.1520004,590.9279785,91.7279968,590.9279785,92.3040008,590.9279785,92.8799972,588.7667846,93.4560012,588.7667846,94.0319976,588.7667846,94.6080017
2/3/2000,6:47:27,585.8852539,95.1839981,585.8852539,95.7600021,585.1648559,96.3359985,584.444458,96.9120025,583.0036621,97.4879989,580.8425292,98.0640029,578.6813354,98.6399993,577.2405395,99.2160034
2/3/2000,6:47:33,575.0794067,99.7919998,574.3590087,100.3679962,574.3590087,100.9440002,572.9182128,101.5199966,572.1978149,102.0960006,570.036621,102.671997,569.3162841,103.248001,566.4346923,103.8239974
2/3/2000,6:47:40,564.9938964,104.4000015,564.9938964,104.9759979,562.8327636,105.5520019,562.1123046,106.1279983,560.6715698,106.7040023,560.6715698,107.2799987,559.2307739,107.8560028,559.2307739,108.4319992
2/3/2000,6:47:46,558.5103759,109.0080032,556.3492431,109.5839996,556.3492431,110.1600036,554.9084472,110.736,554.9084472,111.3119964,554.9084472,111.8880004,553.4676513,112.4639968,553.4676513,113.0400009
2/3/2000,6:47:53,552.7472534,113.6159973,552.7472534,114.1920013,551.666687,114.7679977,550.5860595,115.3440017,550.5860595,115.9199981,550.5860595,116.4960021,549.8657226,117.0719985,549.8657226,117.6480026
2/3/2000,6:48:00,549.8657226,118.223999,549.8657226,118.800003,548.7851562,119.3759994,549.8657226,119.9520034,549.1453247,120.5279998,549.1453247,121.1039962,549.8657226,121.6800003,549.1453247,122.2559967
2/3/2000,6:48:06,549.8657226,122.8320007,549.8657226,123.4079971,549.8657226,123.9840011,550.5860595,124.5599975,550.5860595,125.1360015,552.0268554,125.7119979,552.0268554,126.288002,552.0268554,126.8639984
2/3/2000,6:48:13,552.7472534,127.4400024,553.4676513,128.0160064,553.4676513,128.5919952,554.1880493,129.1679992,554.9084472,129.7440032,555.6287841,130.3200073,556.7094116,130.895996,557.790039,131.4720001
2/3/2000,6:48:20,557.790039,132.0480041,558.5103759,132.6239929,559.9511718,133.1999969,561.0317382,133.7760009,562.8327636,134.352005,562.8327636,134.9279937,563.5531005,135.5039978,565.7142944,136.0800018
2/3/2000,6:48:27,566.4346923,136.6560058,567.1550903,137.2319946,569.3162841,137.8079986,570.036621,138.3840026,571.4774169,138.9600067,572.1978149,139.5359954,574.3590087,140.1119995,575.0794067,140.6880035
2/3/2000,6:48:33,576.5201416,141.2640075,577.9609375,141.8399963,579.4017333,142.4160003,580.1221313,142.9920043,581.5628662,143.5679931,582.2832641,144.1439971,583.0036621,144.7200012,584.444458,145.2960052
2/3/2000,6:48:40,585.1648559,145.871994,585.1648559,146.447998,587.3260498,147.024002,587.3260498,147.6000061,588.7667846,148.1759948,588.7667846,148.7519989,590.2075805,149.3280029,590.2075805,149.9040069
2/3/2000,6:48:47,590.9279785,150.4799957,590.9279785,151.0559997,591.288208,151.6320037,591.6483764,152.2079925,591.6483764,152.7839965,591.6483764,153.3600006,591.6483764,153.9360046,591.6483764,154.5119934
2/3/2000,6:48:53,592.7290039,155.0879974,593.0891723,155.6640014,593.0891723,156.2400054,593.0891723,156.8159942,593.0891723,157.3919982,591.6483764,157.9680023,591.6483764,158.5440063,591.6483764,159.1199951
2/3/2000,6:49:00,591.6483764,159.6959991,591.6483764,160.2720031,590.9279785,160.8480072,590.2075805,161.4239959,589.4871826,162,588.7667846,162.576004,588.7667846,163.1519927,588.7667846,163.7279968
2/3/2000,6:49:07,586.6056518,164.3040008,585.8852539,164.8800048,585.8852539,165.4559936,585.1648559,166.0319976,583.0036621,166.6080017,582.2832641,167.1840057,581.5628662,167.7599945,580.1221313,168.3359985
2/3/2000,6:49:14,578.6813354,168.9120025,576.5201416,169.4880065,575.0794067,170.0639953,575.0794067,170.6399993,572.9182128,171.2160034,572.9182128,171.7920074,568.5958251,172.3679962,567.1550903,172.9440002
2/3/2000,6:49:20,566.4346923,173.5200042,564.9938964,174.095993,564.9938964,174.671997,562.8327636,175.248001,560.6715698,175.8240051,560.6715698,176.3999938,558.1502075,176.9759979,558.1502075,177.5520019
2/3/2000,6:49:27,556.3492431,178.1280059,556.3492431,178.7039947,553.4676513,179.2799987,553.4676513,179.8560028,552.7472534,180.4320068,552.7472534,181.0079956,550.5860595,181.5839996,549.1453247,182.1600036
2/3/2000,6:49:34,548.4249267,182.7359924,547.7045288,183.3119964,547.7045288,183.8880004,547.7045288,184.4640045,547.7045288,185.0399932,546.9841308,185.6159973,546.9841308,186.1920013,546.9841308,186.7680053
2/3/2000,6:49:40,546.9841308,187.3439941,545.5433349,187.9199981,545.5433349,188.4960021,545.5433349,189.0720062,545.5433349,189.6479949,545.5433349,190.223999,545.5433349,190.800003,546.6239013,191.376007
2/3/2000,6:49:47,546.9841308,191.9519958,546.9841308,192.5279998,547.7045288,193.1040039,546.2637329,193.6799926,547.7045288,194.2559967,548.4249267,194.8320007,549.1453247,195.4080047,549.8657226,195.9839935
2/3/2000,6:49:54,549.8657226,196.5599975,551.3065185,197.1360015,551.3065185,197.7120056,551.3065185,198.2879943,552.7472534,198.8639984,554.9084472,199.4400024,555.6287841,200.0160064,557.790039,200.5919952
2/3/2000,6:50:00,557.790039,201.1679992,559.9511718,201.7440032,559.9511718,202.3200073,561.3919677,202.895996,563.5531005,203.4720001,564.2735595,204.0480041,565.7142944,204.6239929,567.1550903,205.1999969
2/3/2000,6:50:07,569.3162841,205.7760009,570.036621,206.352005,571.4774169,206.9279937,573.6386108,207.5039978,575.7997436,208.0800018,577.600708,208.6560058,579.4017333,209.2319946,582.2832641,209.8079986
2/3/2000,6:50:14,585.1648559,210.3840026,587.3260498,210.9600067,588.0463867,211.5359954,590.9279785,212.1119995,593.0891723,212.6880035,595.9707031,213.2640075,599.2124633,213.8399963,602.4542236,214.4160003
2/3/2000,6:50:21,605.3358154,214.9920043,608.2173461,215.5679931,610.7387695,216.1439971,612.5396728,216.7200012,616.8620605,217.2960052,620.4639892,217.871994,623.345581,218.447998,626.9475097,219.024002
2/3/2000,6:50:28,631.9902343,219.6000061,634.8718261,220.1759948,637.7533569,220.7519989,642.7960815,221.3280029,646.7583007,221.9040069,650,222.4799957,655.0427246,223.0559997,659.3651123,223.6320037
2/3/2000,6:50:34,663.6874389,224.2079925,668.0097656,224.7839965,673.0524902,225.3600006,677.3748779,225.9360046,683.1380004,226.5119934,688.180725,227.0879974,693.2234497,227.6640014,698.9865722,228.2400054
2/3/2000,6:50:41,704.0292968,228.8159942,709.0720825,229.3919982,715.1953735,229.9680023,722.7594604,230.5440063,728.522583,231.1199951,733.5653686,231.6959991,739.3284912,232.2720031,746.8925781,232.8480072
2/3/2000,6:50:44,754.456665,233.4239959,767.7839355,234,0,0,0,0,0,0,0,0,0,0,0,0
